{"true_reward": 3.9126684700416114, "expected_reward": 3.6743251661848007, "runtime": 3.679253279825997, "actions": 5.0, "seed": 249.5, "steps": 1000, "exploration_coeff": 5.0, "rollout_depth": 3}