{"true_reward": 3.869433437644243, "expected_reward": 3.704249016068181, "runtime": 13.226125, "actions": 4.994, "seed": 249.5, "steps": 5000, "exploration_coeff": 10.0, "rollout_depth": 0}