{"true_reward": 3.783238388749372, "expected_reward": 3.6244247816092328, "runtime": 0.36652517221600045, "actions": 5.0, "seed": 249.5, "steps": 100, "exploration_coeff": 0.5, "rollout_depth": 3}