{"true_reward": 3.480372207891888, "expected_reward": 3.4370003856153035, "runtime": 0.0444851654899999, "actions": 5.0, "seed": 249.5, "steps": 10, "exploration_coeff": 5.0, "rollout_depth": 3}