{"true_reward": 3.458040356578994, "expected_reward": 3.443467575846348, "runtime": 0.015555203014, "actions": 5.0, "seed": 9499.5, "steps": 10, "exploration_coeff": 0.5, "rollout_depth": 0}