{"true_reward": 3.4589246276494645, "expected_reward": 3.4403155536595604, "runtime": 0.02082974970599998, "actions": 5.0, "seed": 5499.5, "steps": 10, "exploration_coeff": 0.5, "rollout_depth": 0}