{"true_reward": 3.4591410293974834, "expected_reward": 3.439683100763284, "runtime": 0.0165510157, "actions": 5.0, "seed": 6499.5, "steps": 10, "exploration_coeff": 0.5, "rollout_depth": 0}