{"W": 0.5430262020470384, "true_reward": 4.0693120598290005, "expected_reward": 3.7279183459353766, "runtime": 0.82953125, "actions": 4.06}