{"env_2": {"num_projects": 2, "project_dist": [0.5682420494699647, 0.43175795053003535], "criteria_dist": [0.10026501766784453, 0.09695229681978798, 0.11528268551236749, 0.10004416961130742, 0.4874116607773852, 0.10004416961130742], "expert_dist": [0.11506183745583039, 0.2625883392226148, 0.11771201413427562, 0.11837455830388692, 0.1349381625441696, 0.2513250883392226], "highlights": [[0, 5, 1], [1, 3, 4], [1, 4, 5], [0, 5, 2], [1, 3, 1], [0, 0, 1], [0, 1, 4], [1, 4, 1], [0, 4, 4], [0, 4, 5], [0, 4, 0], [0, 1, 3], [1, 4, 0], [0, 4, 4], [0, 4, 1], [0, 4, 2], [1, 4, 0], [0, 1, 5], [1, 2, 5], [1, 3, 5], [1, 4, 3], [0, 4, 4], [0, 1, 5], [0, 4, 5], [1, 4, 5], [1, 4, 5], [0, 4, 1], [0, 3, 1], [0, 4, 0], [0, 4, 5], [1, 4, 4], [0, 5, 5], [1, 4, 5], [0, 2, 0], [0, 3, 1], [1, 4, 5], [0, 2, 3], [0, 4, 2], [1, 5, 1], [1, 1, 5], [0, 3, 5], [0, 4, 3], [1, 1, 1], [1, 4, 4], [0, 1, 4], [0, 4, 1], [0, 2, 1], [1, 4, 5], [0, 4, 2], [1, 4, 1], [1, 1, 1], [1, 3, 4], [0, 4, 3], [0, 2, 1], [1, 2, 2], [1, 4, 1], [0, 4, 4], [0, 4, 1], [0, 4, 3], [0, 4, 3], [0, 4, 5], [1, 4, 2], [1, 2, 5], [0, 4, 1], [0, 3, 2], [0, 1, 1], [0, 4, 1], [0, 4, 4], [0, 4, 2], [0, 4, 2], [1, 1, 5], [0, 1, 5], [0, 2, 4], [0, 1, 1], [1, 3, 5], [0, 4, 0], [0, 5, 5], [1, 4, 0], [0, 4, 3], [1, 4, 1], [1, 5, 2], [0, 4, 1], [1, 0, 1], [1, 0, 5], [0, 4, 0], [0, 5, 5], [1, 1, 0], [1, 1, 1], [0, 0, 5], [0, 4, 0], [1, 3, 1], [1, 0, 5], [1, 4, 1], [1, 4, 3], [0, 0, 0], [1, 5, 1], [0, 2, 5], [1, 5, 1], [0, 2, 1], [0, 4, 2], [0, 5, 2], [1, 4, 3], [1, 0, 5], [0, 4, 4], [1, 3, 5], [1, 0, 5], [0, 4, 0], [0, 4, 0], [1, 4, 0], [1, 4, 4], [1, 4, 2], [1, 5, 5], [1, 1, 4], [1, 4, 4], [0, 3, 5], [0, 4, 1], [0, 4, 3], [0, 0, 5], [0, 1, 3], [1, 1, 1], [1, 4, 2], [0, 2, 5], [0, 1, 1], [1, 3, 4], [1, 1, 1], [0, 2, 1], [0, 4, 3], [1, 4, 4], [1, 4, 2], [1, 4, 1], [1, 4, 3], [0, 1, 1], [1, 0, 5], [0, 4, 3], [1, 2, 5], [0, 1, 1], [0, 3, 5], [1, 4, 5], [0, 3, 1], [1, 4, 0], [1, 4, 5], [0, 0, 1], [1, 4, 1], [1, 4, 4], [1, 4, 5], [1, 0, 2], [0, 1, 1], [0, 0, 5], [0, 3, 1], [1, 2, 2], [0, 4, 0], [0, 4, 1], [0, 1, 1], [0, 3, 2], [0, 5, 1], [0, 5, 2], [0, 0, 5], [0, 3, 5], [0, 2, 1], [0, 1, 1], [1, 3, 1], [1, 1, 1], [0, 5, 5], [1, 4, 0], [0, 2, 1], [0, 3, 3], [0, 4, 0], [0, 4, 2], [1, 0, 5], [0, 2, 1], [1, 3, 3], [1, 1, 0], [0, 4, 3], [1, 4, 3], [1, 0, 5], [1, 1, 5], [0, 3, 0], [1, 1, 3], [0, 4, 4], [1, 4, 0], [1, 1, 5], [1, 5, 2], [1, 5, 5], [1, 2, 2], [0, 5, 5], [0, 4, 3], [1, 4, 2], [1, 4, 0], [0, 4, 3], [0, 0, 5], [0, 2, 1], [0, 2, 5], [1, 0, 1], [0, 2, 2], [0, 4, 1], [0, 4, 3], [0, 1, 1], [0, 2, 1], [0, 1, 5], [1, 2, 0], [0, 3, 5], [0, 4, 0], [1, 2, 5], [0, 4, 4], [0, 0, 5], [1, 2, 1], [0, 4, 4], [0, 4, 5], [0, 4, 5], [0, 5, 1], [0, 2, 5], [1, 4, 0], [0, 1, 4], [0, 4, 1], [0, 0, 5], [1, 4, 5], [1, 3, 1], [1, 4, 3], [0, 3, 1], [0, 4, 0], [1, 4, 3], [1, 4, 4], [0, 5, 2], [0, 2, 3], [1, 2, 0], [1, 4, 3], [0, 3, 5], [1, 1, 4], [0, 5, 1], [0, 0, 5], [0, 2, 4], [1, 4, 5], [0, 4, 4], [0, 4, 1], [0, 4, 1], [1, 5, 4], [0, 4, 1], [1, 4, 4], [0, 4, 5], [0, 3, 2], [0, 4, 4], [1, 0, 5], [0, 4, 5], [1, 0, 4], [0, 2, 3], [1, 2, 5], [0, 2, 5], [1, 4, 4], [0, 4, 0], [1, 0, 4], [0, 3, 1], [0, 5, 1], [1, 5, 3], [1, 4, 0], [0, 0, 2], [1, 4, 1], [1, 0, 1], [0, 4, 1], [1, 1, 3], [1, 4, 1], [0, 4, 5], [1, 5, 5], [0, 4, 3], [1, 4, 4], [1, 4, 2], [0, 4, 1], [1, 0, 1], [0, 5, 5], [1, 3, 5], [0, 4, 4], [1, 5, 5], [1, 1, 5], [0, 1, 3], [0, 3, 2], [0, 4, 4], [1, 1, 1], [0, 4, 3], [0, 5, 2], [0, 4, 0], [1, 4, 1], [0, 4, 5], [0, 2, 0], [0, 4, 3], [0, 2, 1], [1, 0, 5], [0, 0, 3], [1, 0, 5], [0, 4, 4], [0, 0, 2], [1, 3, 1], [0, 4, 2], [1, 4, 1], [0, 5, 3], [1, 0, 3], [1, 4, 2], [0, 4, 0], [1, 5, 0], [0, 4, 1], [0, 4, 0], [0, 4, 3], [0, 5, 5], [0, 4, 1], [1, 2, 1], [0, 4, 0], [1, 1, 1], [1, 0, 1], [0, 0, 0], [0, 3, 5], [0, 1, 3], [0, 4, 4], [0, 4, 0], [1, 4, 4], [0, 4, 2], [0, 3, 5], [1, 4, 4], [0, 4, 0], [0, 5, 3], [0, 3, 3], [1, 1, 4], [0, 3, 1], [1, 3, 1], [0, 4, 3], [1, 1, 2], [1, 4, 1], [0, 5, 5], [1, 0, 2], [0, 2, 4], [1, 4, 1], [1, 1, 5], [0, 4, 0], [0, 4, 3], [0, 4, 1], [0, 4, 2], [0, 0, 1], [0, 4, 4], [0, 5, 5], [1, 4, 3], [1, 0, 3], [0, 4, 5], [1, 1, 5], [1, 3, 1], [1, 5, 2], [0, 2, 1], [1, 3, 2], [0, 3, 1], [1, 2, 5], [1, 4, 5], [1, 0, 0], [1, 4, 1], [0, 1, 5], [1, 2, 2], [0, 0, 4], [1, 2, 4], [1, 2, 1], [0, 1, 1], [1, 3, 5], [1, 1, 4], [0, 4, 3], [0, 4, 5], [1, 5, 3], [0, 4, 0], [0, 1, 1], [0, 4, 4], [1, 2, 4], [1, 2, 5], [1, 3, 1], [0, 1, 1], [0, 0, 5], [1, 2, 5], [0, 2, 3], [1, 5, 1], [0, 4, 1], [1, 3, 3], [1, 4, 4], [0, 2, 1], [0, 3, 1], [0, 2, 4], [1, 4, 4], [0, 4, 1], [1, 0, 1], [1, 4, 4], [0, 5, 1], [0, 3, 0], [1, 4, 4], [1, 4, 2], [1, 0, 3], [0, 0, 1], [1, 4, 1], [1, 4, 3], [0, 1, 5], [0, 0, 1], [0, 0, 4], [0, 4, 2], [0, 4, 4], [1, 4, 1], [0, 4, 4], [1, 4, 4], [0, 3, 1], [1, 0, 5], [1, 4, 0], [1, 4, 2], [1, 5, 4], [1, 2, 5], [0, 4, 5], [0, 0, 5], [0, 2, 4], [0, 5, 1], [0, 3, 4], [0, 4, 1], [1, 5, 2], [1, 2, 4], [0, 4, 5], [0, 1, 1], [1, 2, 5], [0, 5, 1], [0, 4, 1], [0, 4, 4], [0, 5, 5], [0, 2, 1], [1, 0, 5], [1, 0, 4], [0, 1, 3], [0, 4, 0], [1, 4, 5], [1, 4, 0], [1, 5, 5], [1, 4, 1], [1, 2, 5], [1, 3, 4], [0, 4, 4], [1, 4, 3], [0, 1, 5], [1, 0, 1], [1, 5, 5], [1, 4, 1], [0, 4, 0], [1, 1, 4], [0, 1, 1], [0, 0, 1], [1, 4, 2], [1, 4, 0], [0, 1, 4], [1, 5, 0], [0, 4, 4], [1, 4, 1], [0, 3, 3], [1, 5, 5], [0, 0, 1], [0, 4, 0], [0, 4, 4], [0, 0, 5], [0, 4, 5], [0, 4, 1], [1, 4, 3], [1, 4, 5], [0, 1, 0], [1, 2, 0], [0, 4, 1], [0, 4, 3], [0, 0, 5], [0, 4, 0], [1, 2, 5], [1, 4, 3], [1, 4, 3], [0, 0, 1], [0, 3, 1], [1, 4, 1], [0, 4, 3], [1, 2, 1], [1, 4, 4], [1, 1, 4], [1, 1, 0], [0, 1, 4], [0, 2, 5], [0, 4, 4], [0, 3, 1], [0, 1, 4], [1, 5, 0], [1, 4, 4], [1, 3, 2], [0, 2, 3], [0, 4, 3], [1, 4, 1], [0, 4, 2], [1, 4, 4], [1, 4, 1], [1, 0, 1], [1, 4, 0], [0, 4, 5], [1, 4, 5], [1, 4, 5], [0, 0, 5], [1, 0, 2], [1, 4, 3], [0, 4, 2], [1, 2, 4], [0, 1, 4], [1, 0, 1], [1, 0, 4], [1, 4, 1]]}, "env_5": {"num_projects": 5, "project_dist": [0.3256240822320117, 0.25569016152716595, 0.20631424375917767, 0.15069750367107196, 0.06167400881057269], "criteria_dist": [0.08883994126284875, 0.08828928046989722, 0.09416299559471365, 0.09067547723935389, 0.5491923641703378, 0.08883994126284875], "expert_dist": [0.0947136563876652, 0.3010279001468429, 0.10517621145374449, 0.09030837004405286, 0.11692364170337739, 0.2918502202643172],