{"env_2": {"num_projects": 2, "project_dist": [0.5757709251101322, 0.42422907488986783], "criteria_dist": [0.09801762114537445, 0.09427312775330396, 0.11475770925110132, 0.10308370044052863, 0.48612334801762114, 0.10374449339207048], "expert_dist": [0.1092511013215859, 0.2786343612334802, 0.1105726872246696, 0.11696035242290749, 0.12819383259911896, 0.2563876651982379], "highlights": [[0, 3, 1], [0, 2, 5], [0, 4, 3], [1, 2, 0], [0, 4, 0], [1, 2, 1], [1, 4, 2], [0, 4, 0], [0, 4, 3], [0, 0, 1], [0, 2, 1], [0, 5, 1], [0, 4, 3], [0, 4, 5], [0, 5, 4], [0, 4, 2], [1, 4, 2], [1, 3, 3], [1, 5, 3], [0, 4, 0], [1, 2, 1], [1, 0, 1], [0, 4, 5], [0, 1, 1], [1, 4, 1], [0, 4, 1], [1, 4, 5], [1, 4, 1], [0, 4, 2], [0, 2, 0], [1, 5, 1], [1, 3, 5], [0, 5, 1], [0, 5, 1], [1, 4, 5], [0, 1, 1], [1, 4, 1], [1, 4, 0], [0, 3, 4], [1, 4, 5], [0, 1, 1], [0, 3, 1], [1, 3, 5], [1, 3, 2], [0, 4, 4], [1, 0, 1], [0, 4, 1], [0, 4, 5], [1, 4, 2], [1, 2, 1], [0, 1, 5], [0, 4, 5], [1, 4, 2], [1, 5, 5], [0, 4, 2], [0, 4, 1], [1, 3, 1], [0, 2, 5], [1, 4, 3], [0, 4, 4], [1, 3, 0], [0, 2, 1], [1, 2, 1], [1, 0, 1], [1, 4, 3], [0, 4, 5], [0, 4, 5], [0, 0, 1], [1, 1, 1], [0, 4, 5], [0, 4, 5], [1, 0, 3], [1, 2, 1], [1, 4, 5], [0, 4, 4], [1, 4, 2], [0, 4, 3], [1, 0, 5], [1, 3, 1], [1, 4, 1], [1, 0, 4], [1, 4, 0], [1, 4, 1], [0, 4, 0], [1, 4, 0], [1, 4, 0], [0, 4, 0], [0, 1, 1], [1, 4, 1], [0, 1, 0], [1, 2, 5], [1, 2, 1], [0, 2, 1], [0, 1, 5], [1, 4, 1], [0, 3, 5], [0, 4, 1], [0, 0, 0], [0, 4, 4], [1, 0, 1], [0, 3, 2], [0, 4, 0], [0, 0, 5], [0, 4, 3], [1, 5, 5], [1, 4, 4], [0, 3, 4], [0, 0, 5], [0, 5, 1], [1, 1, 1], [0, 4, 4], [1, 4, 1], [0, 4, 0], [0, 1, 2], [1, 3, 1], [1, 4, 2], [0, 3, 4], [1, 4, 3], [1, 4, 5], [1, 0, 2], [0, 4, 4], [0, 4, 4], [1, 4, 1], [1, 3, 2], [1, 0, 4], [0, 4, 0], [0, 4, 1], [1, 1, 3], [0, 3, 5], [0, 4, 1], [0, 5, 1], [0, 4, 5], [0, 3, 5], [0, 4, 2], [0, 4, 1], [0, 4, 3], [1, 5, 5], [0, 4, 1], [1, 0, 5], [1, 3, 5], [0, 4, 0], [1, 0, 2], [1, 2, 1], [0, 4, 5], [0, 2, 1], [1, 3, 5], [0, 0, 5], [0, 4, 4], [0, 4, 1], [0, 5, 0], [1, 4, 1], [0, 1, 5], [0, 3, 1], [1, 4, 5], [1, 4, 3], [1, 4, 5], [1, 4, 5], [1, 4, 1], [1, 4, 2], [0, 5, 5], [0, 3, 1], [1, 3, 5], [0, 2, 1], [1, 2, 1], [0, 4, 3], [1, 3, 1], [1, 4, 5], [1, 1, 4], [1, 4, 5], [0, 5, 4], [1, 4, 3], [0, 4, 4], [1, 4, 1], [1, 4, 5], [1, 4, 2], [0, 5, 3], [1, 4, 5], [1, 2, 1], [0, 4, 5], [0, 4, 3], [1, 3, 1], [1, 5, 4], [1, 3, 5], [1, 5, 1], [1, 5, 1], [1, 1, 1], [0, 4, 3], [0, 4, 1], [0, 3, 1], [1, 4, 5], [1, 4, 5], [0, 4, 1], [1, 4, 4], [0, 4, 0], [1, 5, 5], [0, 4, 0], [0, 3, 5], [1, 4, 0], [0, 4, 0], [0, 4, 3], [1, 4, 2], [0, 4, 1], [0, 4, 0], [1, 4, 2], [0, 4, 1], [1, 4, 0], [1, 4, 2], [0, 1, 1], [0, 2, 5], [0, 1, 5], [0, 4, 5], [1, 4, 5], [0, 1, 1], [1, 2, 3], [0, 5, 5], [1, 0, 5], [1, 4, 0], [0, 4, 0], [0, 1, 5], [1, 5, 5], [0, 4, 0], [0, 1, 5], [0, 3, 1], [0, 4, 3], [0, 5, 5], [1, 4, 3], [0, 5, 5], [0, 3, 1], [0, 1, 5], [1, 3, 1], [0, 4, 1], [1, 1, 4], [0, 5, 1], [0, 1, 1], [0, 4, 5], [0, 1, 3], [1, 4, 0], [0, 1, 1], [1, 5, 0], [1, 4, 3], [1, 4, 2], [0, 4, 4], [1, 2, 1], [0, 5, 1], [1, 4, 4], [0, 2, 1], [0, 0, 5], [1, 4, 3], [1, 0, 2], [1, 4, 4], [0, 1, 2], [1, 3, 5], [0, 4, 1], [1, 2, 1], [1, 5, 2], [0, 4, 1], [0, 3, 5], [0, 0, 1], [0, 4, 3], [0, 4, 4], [0, 4, 4], [0, 3, 1], [0, 4, 3], [0, 4, 0], [0, 1, 1], [0, 4, 3], [0, 4, 4], [1, 1, 5], [0, 4, 3], [1, 4, 1], [0, 0, 1], [1, 4, 0], [0, 5, 5], [1, 5, 1], [1, 4, 5], [0, 3, 4], [0, 1, 1], [0, 4, 2], [1, 3, 2], [0, 3, 1], [0, 4, 5], [1, 5, 5], [1, 2, 1], [0, 2, 4], [1, 4, 1], [0, 4, 2], [0, 4, 1], [0, 5, 0], [0, 2, 0], [0, 4, 2], [0, 3, 5], [1, 4, 0], [1, 4, 5], [1, 2, 1], [1, 2, 1], [1, 2, 3], [1, 4, 2], [0, 4, 5], [1, 5, 4], [1, 4, 3], [0, 4, 2], [0, 4, 4], [1, 3, 1], [0, 0, 4], [0, 2, 1], [0, 4, 3], [1, 1, 1], [0, 4, 3], [0, 5, 5], [1, 0, 1], [1, 0, 5], [0, 4, 1], [1, 4, 3], [1, 0, 0], [1, 3, 1], [1, 0, 1], [1, 1, 5], [0, 3, 1], [0, 4, 4], [0, 5, 1], [0, 4, 3], [1, 2, 3], [0, 2, 4], [0, 2, 3], [0, 4, 5], [0, 1, 1], [0, 0, 5], [0, 2, 5], [0, 0, 0], [1, 0, 1], [1, 5, 2], [0, 4, 2], [0, 4, 4], [1, 0, 1], [0, 3, 0], [0, 1, 5], [0, 4, 5], [0, 4, 2], [1, 4, 2], [0, 5, 1], [0, 5, 0], [1, 4, 1], [1, 4, 4], [1, 1, 1], [0, 4, 1], [0, 0, 3], [0, 4, 4], [0, 4, 5], [1, 5, 4], [1, 4, 2], [1, 4, 1], [1, 2, 5], [0, 4, 2], [1, 4, 0], [0, 4, 1], [1, 4, 1], [0, 3, 5], [1, 1, 5], [1, 5, 5], [1, 2, 4], [1, 4, 3], [0, 2, 5], [0, 3, 1], [1, 2, 3], [0, 1, 1], [0, 4, 5], [0, 1, 1], [0, 4, 2], [0, 0, 5], [0, 5, 5], [1, 1, 0], [0, 2, 2], [1, 4, 4], [0, 4, 1], [1, 4, 4], [0, 0, 5], [0, 3, 3], [1, 3, 2], [0, 3, 0], [0, 4, 5], [0, 4, 2], [1, 0, 0], [0, 4, 2], [1, 0, 1], [0, 3, 3], [1, 1, 4], [1, 4, 1], [0, 4, 4], [0, 0, 5], [0, 4, 5], [1, 4, 1], [1, 4, 3], [0, 4, 1], [0, 4, 1], [1, 2, 5], [1, 4, 5], [0, 1, 5], [0, 0, 3], [0, 4, 5], [1, 3, 5], [1, 2, 2], [1, 4, 1], [0, 2, 1], [1, 3, 1], [0, 3, 1], [0, 4, 3], [0, 2, 1], [0, 4, 5], [0, 5, 1], [0, 1, 1], [1, 5, 5], [0, 0, 1], [1, 4, 4], [0, 5, 1], [1, 4, 4], [0, 0, 4], [1, 3, 2], [0, 3, 0], [0, 4, 0], [1, 4, 0], [1, 2, 5], [0, 3, 1], [0, 5, 3], [0, 4, 5], [0, 1, 4], [0, 1, 1], [0, 1, 1], [0, 4, 1], [0, 1, 3], [1, 5, 0], [1, 0, 1], [1, 4, 1], [0, 4, 1], [0, 5, 0], [0, 0, 5], [0, 5, 0], [0, 4, 1], [1, 4, 2], [0, 4, 0], [0, 1, 5], [0, 3, 1], [1, 2, 5], [0, 2, 5], [1, 5, 4], [1, 5, 3], [0, 4, 3], [0, 3, 1], [1, 2, 3], [0, 4, 3], [0, 0, 5], [1, 2, 5], [1, 4, 3], [1, 2, 5], [0, 1, 1], [0, 4, 4], [0, 4, 1], [1, 3, 5], [0, 5, 3], [1, 2, 4], [0, 0, 1], [1, 4, 1], [0, 4, 5], [0, 3, 0], [1, 4, 0], [0, 4, 1], [0, 5, 5], [1, 4, 5], [1, 0, 0], [0, 4, 2], [0, 0, 5], [1, 4, 0], [0, 4, 2], [1, 1, 1], [0, 4, 2], [0, 4, 3], [1, 4, 0], [0, 5, 4], [1, 4, 3], [0, 4, 0], [0, 4, 3], [1, 4, 4], [1, 0, 5], [0, 4, 0], [1, 4, 3], [0, 3, 1], [0, 4, 2], [0, 3, 3], [1, 3, 1], [1, 3, 5], [0, 3, 1], [0, 0, 5], [0, 4, 1], [0, 1, 5], [0, 4, 1], [1, 3, 2], [1, 3, 5], [0, 4, 0], [0, 4, 0], [0, 4, 3], [0, 5, 0]]}, "env_5": {"num_projects": 5, "project_dist": [0.302367941712204, 0.26678809957498484, 0.20995749848208864, 0.151183970856102, 0.06970248937462052], "criteria_dist": [0.0936247723132969, 0.0938676381299332, 0.09823922282938677, 0.09641772920461444, 0.522890103217972, 0.0949605343047966], "expert_dist": [0.10018214936247723, 0.2734669095324833, 0.10649666059502125, 0.0962962962962963, 0.12143290831815422, 0.3021250758955677],