{"env22": {"num_projects": 2, "num_choices": 2, "project_dist": [0.5561085972850679, 0.4438914027149321], "criteria_dist": [0.06923076923076923, 0.0755656108597285, 0.10045248868778281, 0.07375565610859729, 0.6076923076923076, 0.07330316742081448], "expert_dist": [0.09683257918552036, 0.3072398190045249, 0.09276018099547512, 0.08597285067873303, 0.12171945701357466, 0.29547511312217195]}, "env33": {"num_projects": 3, "num_choices": 3, "project_dist": [0.39600920951650037, 0.3323100537221796, 0.27168073676132004], "criteria_dist": [0.07649015093374265, 0.07725761064210795, 0.07776925044768483, 0.07597851112816577, 0.6149910463034024, 0.07751343054489639], "expert_dist": [0.0892811460731645, 0.30033256587362495, 0.11025837810181632, 0.09542082374008698, 0.10949091839345101, 0.29521616781785626]}, "env44": {"num_projects": 4, "num_choices": 4, "project_dist": [0.3195571955719557, 0.2791512915129151, 0.22361623616236162, 0.17767527675276754], "criteria_dist": [0.07380073800738007, 0.07749077490774908, 0.07988929889298893, 0.07490774907749077, 0.6190036900369004, 0.07490774907749077], "expert_dist": [0.09372693726937269, 0.30018450184501844, 0.11180811808118081, 0.09649446494464944, 0.12380073800738008, 0.27398523985239853]}, "env55": {"num_projects": 5, "num_choices": 5, "project_dist": [0.2848439821693908, 0.24918276374442794, 0.2086181277860327, 0.1512630014858841, 0.10609212481426449], "criteria_dist": [0.0811292719167905, 0.07934621099554234, 0.08365527488855869, 0.08276374442793462, 0.5860326894502229, 0.08707280832095096], "expert_dist": [0.09465081723625557, 0.3028231797919762, 0.1050520059435364, 0.09777117384843982, 0.12674591381872213, 0.2729569093610698]}}